#dimension, h2-Total, h2-far, h2-near, ocl-far
  16384,  0.2214199379, 0.0393597931,  0.1712797880, 0.000969545
  32768,  0.4453484192, 0.1015820801,  0.3214820921, 0.002202736
  65536,  0.9225108847, 0.1847428679,  0.6955143064, 0.004203695
 131072,  1.8384358063, 0.4447510540,  1.3064798713, 0.009124245
 262144,  3.7893492207, 0.8434981406,  2.7743883580, 0.017797419
 524288,  7.3075295314, 1.9241536260,  5.0309462547, 0.037741035
1048576, 15.2884470746, 3.4527419358, 11.1474117786, 0.071711294
