#dimension, H2      Farfield Nearfield
  16384,    0.39529 0.30048  0.04783
