#dimension, Galerkin, H2      (in GB)
  16384,       1.0,   0.39529
  32768,       4.0,   0.84542
  65536,      16.0,   1.67005
 131072,      64.0,   3.47807
